item_id,model,strategy,duration_ms,tp,fp,fn,precision,recall,f1_score,ground_truth,predictions,raw_output,error
700_0,qwen2.5vl,zero-shot,30375,0,0,1,0.0,0.0,0.0,1.4.6,,"It looks like you've provided an HTML snippet from a webpage, specifically the footer section of a website. This footer contains links to various sections such as ""Government information,"" ""About us,"" and ""For federal agencies."" It also includes contact information for the USAGov Contact Center.

The HTML is structured with grid systems (USWDS) and uses classes like `usa-footer__primary-content`, `usa-list--unstyled`, etc., which are part of the US Web Design System. The footer also includes a section about the U.S. General Services Administration's accessibility support, privacy policy, FOIA requests, and other important links.

At the bottom, there is some JavaScript code that appears to be related to tracking user interactions with the site using Qualtrics surveys or similar analytics tools. This script seems to be used for collecting data on user behavior, such as page views, form submissions, etc., which can help in improving the website's functionality and user experience.

If you have any specific questions about this HTML code or need further assistance, feel free to ask!",
700_0,qwen2.5vl,few-shot,7792,0,0,1,0.0,0.0,0.0,1.4.6,,"It looks like you've provided an HTML snippet from a webpage, specifically the footer section of a website. This footer contains links to various sections such as ""Government information,"" ""About us,"" and ""For federal agencies."" It also includes contact information for the USAGov Contact Center.

The HTML is structured with grid systems (USWDS) and uses classes like `usa-footer__primary-content`, `usa-list--unstyled`, etc., which are part of the US Web Design System. The footer also includes a section about the U.S. General Services Administration's accessibility support, privacy policy, FOIA requests, and other important links.

At the bottom, there is some JavaScript code that appears to be related to tracking user interactions with the site using Qualtrics surveys or similar analytics tools. This script seems to be used for collecting data on user behavior, such as page views, form submissions, etc., which can help in improving the website's functionality and user experience.

If you have any specific questions about this HTML code or need further assistance, feel free to ask!",
700_0,qwen2.5vl,chain-of-thought,8344,0,0,1,0.0,0.0,0.0,1.4.6,,"It looks like you've provided an HTML snippet from a webpage, specifically the footer section of a website. This footer contains links to various sections such as ""Government information,"" ""About us,"" and ""For federal agencies."" It also includes contact information for the USAGov Contact Center.

The HTML is structured with grid systems (USWDS) and uses classes like `usa-footer__primary-content`, `usa-list--unstyled`, etc., which are part of the US Web Design System. The footer also includes a section about the U.S. General Services Administration's accessibility support, privacy policy, FOIA requests, and other important links.

At the bottom, there is some JavaScript code that appears to be related to tracking user interactions with the site using Qualtrics surveys or similar analytics tools. This script seems to be used for collecting data on user behavior, such as page views, form submissions, etc., which can help in improving the website's functionality and user experience.

If you have any specific questions about this HTML code or need further assistance, feel free to ask!",
700_1,qwen2.5vl,zero-shot,0,0,0,0,0.0,0.0,0.0,1.3.1,,,
